year,world_ave
1995,72.58429159
1996,72.58429159
1998,72.58429159
1999,72.85484057
2000,72.85484057
2001,72.83957972
2002,72.40918465
2003,72.36216096
2004,72.43837783
2005,72.57601328
2006,74.89751913
2007,75.39581119
2008,75.27915862
2009,75.302214
2010,75.59368099
2011,75.431024
2012,76.44392071
2013,76.67484524
2014,77.41241694
2015,77.56875928
2016,78.02926203
2017,77.89353494
2018,77.58252249
2019,78.58138141
2020,78.65014966
